dt,landaveragetemperature,landaveragetemperatureuncertainty,landmaxtemperature,landmaxtemperatureuncertainty,landmintemperature,landmintemperatureuncertainty,landandoceanaveragetemperature,landandoceanaveragetemperatureuncertainty
1979-01-01,2.6790000000000003,0.083,8.071,0.125,-2.625,0.1,13.63,0.048
1979-02-01,2.841,0.08900000000000001,8.525,0.076,-2.7590000000000003,0.147,13.767999999999999,0.047
1979-03-01,5.474,0.102,11.331,0.187,-0.129,0.272,14.565,0.051
1979-04-01,8.455,0.078,14.273,0.258,2.623,0.303,15.390999999999998,0.046
1979-05-01,11.199000000000002,0.149,17.139000000000006,0.198,5.7120000000000015,0.212,16.076,0.058
1979-06-01,13.487,0.067,19.366,0.213,7.818,0.215,16.772000000000002,0.043
1979-07-01,14.114,0.054000000000000006,19.945,0.109,8.491,0.117,16.992,0.042
1979-08-01,13.833,0.087,19.623,0.16,8.266,0.181,16.977999999999998,0.046
1979-09-01,12.247,0.091,18.059,0.18,6.7139999999999995,0.24,16.45,0.048
1979-10-01,9.586,0.09,15.354000000000001,0.116,4.053999999999999,0.125,15.557,0.049
1979-11-01,6.2860000000000005,0.079,11.807,0.13,0.905,0.051,14.609000000000002,0.047
1979-12-01,4.6,0.068,10.0,0.115,-0.6690000000000002,0.051,14.182,0.045
1980-01-01,2.9560000000000004,0.087,8.468,0.08,-2.4570000000000003,0.124,13.812000000000001,0.049
1980-02-01,3.6519999999999997,0.099,9.26,0.129,-1.864,0.115,14.112,0.05
1980-03-01,5.367000000000001,0.103,11.239999999999998,0.16,-0.379,0.126,14.646,0.052000000000000005
1980-04-01,8.934999999999997,0.106,14.821,0.129,3.109,0.175,15.578,0.052000000000000005
1980-05-01,11.77,0.08900000000000001,17.713,0.234,6.131,0.172,16.314,0.05
1980-06-01,13.582,0.134,19.375,0.185,7.901000000000002,0.299,16.805999999999997,0.058
1980-07-01,14.742,0.14400000000000002,20.465999999999998,0.179,9.102,0.214,17.171,0.06
1980-08-01,14.189,0.221,19.814,0.117,8.562999999999999,0.08900000000000001,17.049,0.077
1980-09-01,12.321,0.08,18.121,0.152,6.642,0.146,16.427,0.051
1980-10-01,9.55,0.064,15.17,0.118,4.051,0.112,15.45,0.048
1980-11-01,6.684,0.094,12.196,0.183,1.334,0.14300000000000002,14.645,0.051
1980-12-01,4.016,0.059,9.431000000000001,0.165,-1.277,0.086,13.892000000000001,0.046
1981-01-01,3.785,0.121,9.267000000000001,0.193,-1.2980000000000005,0.153,13.963,0.055
1981-02-01,4.021,0.139,9.689,0.133,-1.41,0.119,14.073,0.059
1981-03-01,6.239,0.035,12.05,0.063,0.5539999999999999,0.161,14.769,0.045
1981-04-01,8.953,0.08,14.817,0.206,3.1310000000000002,0.25,15.432,0.05
1981-05-01,11.565,0.084,17.471,0.33,5.901000000000002,0.345,16.198,0.049
1981-06-01,13.765,0.122,19.611,0.126,8.065,0.14800000000000002,16.932000000000002,0.058
1981-07-01,14.738,0.08199999999999999,20.398,0.122,9.208,0.132,17.217,0.054000000000000006
1981-08-01,14.502,0.099,20.293,0.092,8.976999999999997,0.081,17.123,0.055
1981-09-01,12.236,0.118,17.950000000000006,0.098,6.646,0.139,16.465999999999998,0.058
1981-10-01,9.394,0.059,14.979000000000001,0.096,3.765,0.066,15.453,0.05
1981-11-01,6.273,0.058,11.669,0.114,0.97,0.099,14.47,0.047
1981-12-01,4.519,0.05,10.068,0.094,-0.878,0.076,14.097999999999999,0.048
1982-01-01,2.5580000000000003,0.08,8.09,0.13,-2.7769999999999997,0.097,13.587,0.053
1982-02-01,3.281,0.077,8.843,0.076,-2.075,0.07,13.852,0.053
1982-03-01,4.873,0.087,10.667,0.139,-0.722,0.13699999999999998,14.337,0.054000000000000006
1982-04-01,8.465,0.093,14.388,0.223,2.89,0.433,15.33,0.054000000000000006
1982-05-01,11.348,0.09,17.149,0.305,5.727,0.28300000000000003,16.144000000000002,0.054000000000000006
1982-06-01,13.245,0.071,19.083,0.234,7.556,0.251,16.625,0.053
1982-07-01,14.545,0.073,20.311,0.301,9.019,0.397,17.0,0.058
1982-08-01,13.796,0.067,19.534000000000002,0.166,8.465,0.217,16.867,0.054000000000000006
1982-09-01,12.039000000000001,0.067,17.75,0.155,6.675,0.213,16.354,0.055
1982-10-01,9.232000000000001,0.066,14.845,0.129,3.917,0.139,15.493,0.054000000000000006
1982-11-01,5.961,0.111,11.314,0.117,0.909,0.184,14.446,0.057
1982-12-01,4.327,0.11,9.637,0.077,-0.7050000000000001,0.064,14.068,0.058
1983-01-01,3.4450000000000003,0.115,8.747,0.084,-1.65,0.08,13.979000000000001,0.057
1983-02-01,3.8139999999999996,0.173,9.427,0.08800000000000001,-1.5919999999999999,0.085,14.169,0.068
1983-03-01,5.699,0.09,11.503,0.055,0.09699999999999998,0.091,14.683,0.053
1983-04-01,8.693,0.05,14.45,0.092,3.053,0.134,15.468,0.048
1983-05-01,11.729000000000001,0.106,17.477,0.136,6.144,0.187,16.34,0.056
1983-06-01,13.478,0.124,19.217,0.147,7.819,0.17,16.785999999999998,0.061
1983-07-01,14.408,0.07,20.139,0.138,8.829,0.115,17.067999999999998,0.054000000000000006
1983-08-01,14.302,0.061,20.105,0.177,8.729,0.1,17.145,0.052000000000000005
1983-09-01,12.698,0.098,18.412000000000006,0.093,7.08,0.16,16.573,0.059
1983-10-01,9.478,0.096,15.097000000000001,0.08800000000000001,4.011,0.155,15.498,0.058
1983-11-01,6.7650000000000015,0.091,12.334000000000001,0.151,1.4209999999999998,0.134,14.648,0.054000000000000006
1983-12-01,3.829,0.054000000000000006,9.25,0.127,-1.3119999999999998,0.08,13.886,0.05
1984-01-01,2.9410000000000003,0.081,8.338,0.111,-2.2350000000000003,0.085,13.701,0.052000000000000005
1984-02-01,3.093,0.101,8.786,0.136,-2.452,0.16899999999999998,13.878,0.056
1984-03-01,5.671,0.084,11.541,0.1,-0.07800000000000001,0.06,14.608,0.056
1984-04-01,8.431999999999999,0.163,14.335,0.23,2.608,0.209,15.37,0.068
1984-05-01,11.976,0.061,17.860000000000007,0.115,6.211,0.138,16.294999999999998,0.052000000000000005
1984-06-01,13.387,0.191,19.05,0.127,7.662000000000001,0.16699999999999998,16.668000000000006,0.073
1984-07-01,14.429,0.13699999999999998,20.109,0.075,8.958,0.191,16.961000000000002,0.063
1984-08-01,13.984000000000002,0.085,19.83,0.235,8.33,0.151,16.972,0.054000000000000006
1984-09-01,12.015,0.07400000000000001,17.718,0.098,6.5,0.096,16.385,0.053
1984-10-01,9.378,0.08199999999999999,14.890999999999998,0.066,4.015,0.101,15.368,0.054000000000000006
1984-11-01,5.811,0.106,11.243,0.166,0.602,0.08800000000000001,14.32,0.055
1984-12-01,3.185,0.066,8.411,0.15,-1.88,0.109,13.604,0.05
1985-01-01,3.01,0.08199999999999999,8.385,0.122,-2.22,0.063,13.678,0.052000000000000005
1985-02-01,2.704,0.085,8.322000000000001,0.117,-2.853,0.08,13.731,0.051
1985-03-01,5.4510000000000005,0.06,11.194,0.087,-0.133,0.086,14.526,0.05
1985-04-01,8.633,0.085,14.421,0.085,2.905,0.113,15.356,0.054000000000000006
1985-05-01,11.425999999999998,0.066,17.203000000000007,0.117,5.756,0.119,16.136,0.05
1985-06-01,13.569,0.187,19.396,0.24,7.9079999999999995,0.146,16.713,0.07
1985-07-01,13.972999999999999,0.087,19.711,0.113,8.362,0.141,16.906,0.051
1985-08-01,14.059000000000001,0.087,19.757,0.113,8.514999999999999,0.092,17.012999999999998,0.05
1985-09-01,11.98,0.08,17.634,0.138,6.482,0.135,16.357,0.054000000000000006
1985-10-01,9.338,0.08900000000000001,14.808,0.048,4.051,0.099,15.475999999999999,0.054000000000000006
1985-11-01,5.968,0.104,11.331,0.102,0.703,0.107,14.388,0.055
1985-12-01,3.785,0.107,9.044,0.154,-1.368,0.084,13.808,0.056
1986-01-01,3.315,0.117,8.818,0.071,-2.011,0.076,13.724,0.057
1986-02-01,3.991,0.113,9.699,0.202,-1.6370000000000002,0.092,14.084,0.056
1986-03-01,5.755,0.048,11.629000000000001,0.077,0.015000000000000013,0.055,14.608,0.049
1986-04-01,8.870999999999997,0.086,14.772,0.206,3.105,0.062,15.452,0.054000000000000006
1986-05-01,11.581,0.066,17.393,0.108,5.888999999999999,0.17800000000000002,16.163,0.049
1986-06-01,13.439,0.06,19.211,0.191,7.7200000000000015,0.192,16.695999999999998,0.05
1986-07-01,14.293,0.06,19.987,0.1,8.738999999999999,0.115,16.991,0.05
1986-08-01,13.972000000000001,0.059,19.874000000000002,0.099,8.433,0.141,16.938,0.05
1986-09-01,11.816999999999998,0.14300000000000002,17.713,0.106,6.395,0.274,16.285,0.063
1986-10-01,9.299,0.096,14.803,0.14800000000000002,3.8810000000000002,0.157,15.455,0.054000000000000006
1986-11-01,5.9190000000000005,0.1,11.232000000000001,0.063,0.7020000000000001,0.092,14.407,0.055
1986-12-01,3.7510000000000003,0.07200000000000001,9.071,0.075,-1.399,0.105,13.805,0.052000000000000005
1987-01-01,3.139,0.115,8.700999999999999,0.08199999999999999,-2.3440000000000003,0.109,13.758,0.058
1987-02-01,4.1339999999999995,0.091,9.792,0.105,-1.3659999999999999,0.092,14.161,0.053
1987-03-01,5.245,0.076,11.203,0.07400000000000001,-0.467,0.084,14.538,0.051
1987-04-01,8.594999999999999,0.078,14.69,0.083,2.835,0.22,15.447000000000001,0.052000000000000005
1987-05-01,11.525,0.065,17.315,0.13,5.797999999999999,0.136,16.252,0.051
1987-06-01,13.927,0.068,19.661,0.146,8.105,0.126,16.900000000000002,0.051
1987-07-01,14.89,0.14400000000000002,20.666999999999998,0.105,9.326,0.196,17.296,0.063
1987-08-01,13.895999999999999,0.127,19.632,0.147,8.319999999999999,0.227,17.061,0.06
1987-09-01,12.447000000000001,0.075,18.226000000000006,0.13,6.877999999999999,0.218,16.569000000000003,0.053
1987-10-01,9.59,0.077,15.136,0.081,4.093999999999999,0.08900000000000001,15.620999999999999,0.051
1987-11-01,6.056,0.052000000000000005,11.518,0.161,0.71,0.131,14.561,0.049
1987-12-01,4.489,0.054000000000000006,9.857000000000001,0.085,-0.7120000000000001,0.107,14.13,0.048
1988-01-01,3.4539999999999997,0.07,8.863999999999997,0.12,-1.798,0.09,13.978,0.052000000000000005
1988-02-01,3.4219999999999997,0.095,9.094,0.093,-2.031,0.075,14.064,0.052000000000000005
1988-03-01,5.931,0.085,11.817,0.093,0.3659999999999999,0.13699999999999998,14.778,0.054000000000000006
1988-04-01,8.991999999999997,0.066,14.978,0.118,3.2889999999999997,0.087,15.593,0.051
1988-05-01,11.852,0.091,17.676000000000005,0.062,6.143000000000002,0.2,16.348,0.054000000000000006
1988-06-01,14.099,0.098,19.974,0.16,8.356,0.085,16.976000000000006,0.057
1988-07-01,14.798,0.068,20.465999999999998,0.168,9.186,0.125,17.179000000000002,0.051
1988-08-01,14.552999999999999,0.122,20.124000000000002,0.255,8.905,0.157,17.173000000000002,0.059
1988-09-01,12.681,0.07200000000000001,18.424000000000003,0.141,7.08,0.079,16.553,0.053
1988-10-01,9.979,0.062,15.719000000000001,0.194,4.363,0.151,15.639,0.052000000000000005
1988-11-01,6.295,0.07400000000000001,11.837,0.081,0.841,0.07400000000000001,14.465,0.052000000000000005
1988-12-01,4.363,0.058,9.707,0.119,-0.8520000000000001,0.078,13.923,0.052000000000000005
1989-01-01,2.71,0.108,8.094999999999999,0.118,-2.5980000000000003,0.118,13.566,0.058
1989-02-01,3.627,0.095,9.3,0.067,-1.924,0.08800000000000001,13.978000000000002,0.055
1989-03-01,5.792000000000001,0.099,11.628,0.07,0.1309999999999999,0.17,14.607000000000001,0.057
1989-04-01,8.689,0.104,14.540999999999999,0.08900000000000001,2.737,0.147,15.422,0.057
1989-05-01,11.28,0.094,17.105,0.208,5.4940000000000015,0.13,16.121,0.056
1989-06-01,13.447000000000001,0.126,19.25,0.183,7.871,0.13,16.725,0.063
1989-07-01,14.612,0.084,20.361,0.079,8.988999999999997,0.102,17.150000000000002,0.058
1989-08-01,14.135,0.064,19.987000000000002,0.152,8.594999999999999,0.145,17.051000000000002,0.052000000000000005
1989-09-01,12.403,0.101,18.198,0.105,6.675,0.15,16.5,0.059
1989-10-01,9.76,0.061,15.473,0.13,4.1,0.212,15.597,0.051
1989-11-01,6.178999999999999,0.06,11.718,0.086,0.7490000000000001,0.062,14.524,0.052000000000000005
1989-12-01,4.43,0.06,9.802,0.055,-0.8070000000000002,0.096,14.058,0.053
1990-01-01,3.2430000000000003,0.09,8.556999999999999,0.099,-1.9390000000000005,0.075,13.890999999999998,0.057
1990-02-01,3.6430000000000002,0.087,9.225,0.111,-1.7950000000000002,0.07,14.142999999999999,0.056
1990-03-01,6.73,0.099,12.658,0.179,1.0359999999999998,0.094,15.005,0.058
1990-04-01,9.169,0.059,15.058,0.084,3.373,0.125,15.683,0.052000000000000005
1990-05-01,11.831,0.071,17.642000000000003,0.234,6.086,0.237,16.397000000000002,0.054000000000000006
1990-06-01,13.893,0.087,19.786,0.16399999999999998,8.167,0.129,16.995,0.054000000000000006
1990-07-01,14.784,0.14,20.401,0.105,9.158,0.085,17.246000000000002,0.065
1990-08-01,14.095,0.05,19.956,0.221,8.514,0.162,17.11,0.054000000000000006
1990-09-01,12.195,0.106,17.993000000000006,0.08900000000000001,6.597,0.209,16.465,0.063
1990-10-01,9.882,0.036000000000000004,15.72,0.125,4.285,0.125,15.747,0.053
1990-11-01,6.92,0.132,12.561,0.09,1.345,0.07200000000000001,14.77,0.065
1990-12-01,4.425,0.079,9.935,0.057,-0.9220000000000002,0.054000000000000006,14.1,0.056
1991-01-01,3.1950000000000003,0.066,8.506,0.044,-1.9070000000000005,0.114,13.859000000000002,0.056
1991-02-01,4.0440000000000005,0.087,9.774,0.07400000000000001,-1.499,0.098,14.200999999999999,0.057
1991-03-01,5.574,0.076,11.411,0.106,-0.129,0.13,14.689,0.056
1991-04-01,9.226,0.04,15.123,0.09,3.4139999999999997,0.159,15.716,0.055
1991-05-01,11.616,0.062,17.441000000000006,0.105,6.0089999999999995,0.114,16.37,0.054000000000000006
1991-06-01,14.263,0.07400000000000001,19.903,0.124,8.509,0.07200000000000001,17.052,0.057
1991-07-01,14.987,0.055,20.643,0.106,9.273,0.142,17.348,0.053
1991-08-01,14.319,0.057,20.036,0.086,8.61,0.111,17.163,0.055
1991-09-01,12.677,0.053,18.539,0.235,7.004,0.084,16.572,0.056
1991-10-01,9.753,0.064,15.553,0.066,4.122,0.095,15.619000000000002,0.055
1991-11-01,6.44,0.07,11.862,0.101,1.121,0.08800000000000001,14.607000000000001,0.055
1991-12-01,4.059,0.041,9.283999999999999,0.078,-1.061,0.061,13.98,0.052000000000000005
1992-01-01,3.5789999999999997,0.084,8.914,0.1,-1.6550000000000002,0.093,13.961,0.058
1992-02-01,3.931,0.14800000000000002,9.491,0.116,-1.5950000000000002,0.087,14.181,0.067
1992-03-01,5.952000000000001,0.069,11.692,0.064,0.2529999999999999,0.086,14.771,0.056
1992-04-01,8.572000000000001,0.061,14.366,0.075,2.785,0.1,15.51,0.055
1992-05-01,11.534999999999998,0.073,17.346,0.095,5.796,0.184,16.319000000000003,0.059
1992-06-01,13.576,0.066,19.36,0.094,7.818,0.075,16.886000000000006,0.058
1992-07-01,14.139000000000001,0.081,19.852999999999998,0.083,8.421,0.08199999999999999,17.000999999999998,0.057
1992-08-01,13.765999999999998,0.084,19.435,0.162,8.130999999999998,0.13,16.900000000000002,0.057
1992-09-01,11.672,0.049,17.289,0.122,6.132000000000001,0.14,16.243,0.053
1992-10-01,9.353,0.047,15.152000000000001,0.058,3.676,0.061,15.419,0.054000000000000006
1992-11-01,5.888999999999999,0.083,11.303,0.062,0.463,0.066,14.343,0.056
1992-12-01,4.075,0.155,9.455,0.157,-1.0630000000000002,0.126,13.902,0.068
1993-01-01,3.301,0.096,8.666,0.065,-1.9190000000000005,0.076,13.896,0.062
1993-02-01,3.745,0.097,9.42,0.081,-1.7440000000000002,0.054000000000000006,14.085,0.06
1993-03-01,5.922999999999999,0.094,11.791,0.085,0.1409999999999999,0.07400000000000001,14.725,0.061
1993-04-01,8.69,0.046,14.585,0.116,2.823,0.13699999999999998,15.482000000000001,0.055
1993-05-01,11.475,0.056,17.289,0.084,5.6739999999999995,0.124,16.230999999999998,0.056
1993-06-01,13.518,0.075,19.292,0.094,7.767,0.146,16.859,0.058
1993-07-01,14.595,0.11,20.227999999999998,0.062,8.947000000000001,0.174,17.155,0.062
1993-08-01,13.835,0.065,19.584,0.066,8.228,0.108,16.926000000000002,0.058
1993-09-01,11.93,0.102,17.639000000000006,0.06,6.287000000000001,0.121,16.381,0.062
1993-10-01,9.614,0.064,15.294,0.061,3.987,0.047,15.543,0.058
1993-11-01,5.7379999999999995,0.09,11.091,0.098,0.3629999999999999,0.07,14.41,0.059
1993-12-01,4.035,0.081,9.357999999999999,0.07,-1.139,0.145,13.904000000000002,0.059
1994-01-01,3.0239999999999996,0.063,8.336,0.107,-2.274,0.099,13.731,0.057
1994-02-01,2.81,0.105,8.594,0.093,-2.768,0.094,13.773,0.062
1994-03-01,5.731,0.071,11.662999999999998,0.083,-0.13100000000000006,0.119,14.713,0.058
1994-04-01,9.018,0.044,14.960999999999999,0.16,3.162,0.191,15.584000000000001,0.057
1994-05-01,11.684000000000001,0.08,17.582,0.106,5.682,0.092,16.348,0.06
1994-06-01,14.144,0.087,19.932000000000002,0.099,8.288,0.109,17.021,0.061
1994-07-01,14.658,0.076,20.421,0.111,8.947000000000001,0.145,17.183,0.059
1994-08-01,13.977,0.051,19.808,0.087,8.274,0.173,17.035999999999998,0.055
1994-09-01,12.515999999999998,0.068,18.335,0.123,6.821000000000001,0.159,16.498,0.058
1994-10-01,10.002,0.077,15.606,0.093,4.543,0.166,15.743,0.06
1994-11-01,6.787999999999999,0.064,12.2,0.091,1.311,0.11,14.754000000000001,0.056
1994-12-01,4.113,0.065,9.312999999999999,0.158,-1.102,0.064,14.036,0.06
1995-01-01,3.54,0.057,8.895,0.151,-1.769,0.173,13.945,0.06
1995-02-01,4.656000000000001,0.083,10.257,0.145,-0.8790000000000002,0.127,14.388,0.062
1995-03-01,5.956,0.077,11.784,0.165,0.265,0.108,14.783,0.061
1995-04-01,8.972000000000001,0.078,14.839,0.122,3.162,0.17,15.587,0.061
1995-05-01,11.57,0.063,17.301000000000002,0.121,5.758000000000001,0.222,16.279,0.057
1995-06-01,14.164000000000001,0.08800000000000001,20.115,0.18600000000000005,8.232000000000001,0.053,17.008000000000006,0.061
1995-07-01,15.116,0.079,20.803,0.185,9.331,0.168,17.375,0.061
1995-08-01,14.636,0.08800000000000001,20.409000000000002,0.083,8.808,0.231,17.297,0.061
1995-09-01,12.565,0.087,18.382,0.068,6.921,0.182,16.580000000000002,0.06
1995-10-01,10.106,0.086,15.749,0.13,4.49,0.14400000000000002,15.748,0.062
1995-11-01,6.761,0.087,12.387,0.104,1.266,0.205,14.713,0.06
1995-12-01,4.123,0.044,9.396,0.131,-1.143,0.113,13.950999999999999,0.059
1996-01-01,2.862,0.08800000000000001,8.350999999999999,0.107,-2.512,0.108,13.720999999999998,0.059
1996-02-01,4.0120000000000005,0.118,9.769,0.095,-1.7620000000000002,0.08,14.207,0.064
1996-03-01,5.524,0.085,11.411,0.157,-0.28500000000000003,0.145,14.658,0.059
1996-04-01,8.679,0.073,14.470999999999998,0.099,2.717,0.13,15.541,0.057
1996-05-01,11.588,0.106,17.437,0.102,5.792000000000002,0.123,16.272000000000002,0.063
1996-06-01,13.681,0.091,19.405,0.14300000000000002,7.854,0.106,16.847,0.058
1996-07-01,14.827,0.097,20.65,0.087,9.123,0.129,17.22,0.061
1996-08-01,14.603,0.073,20.416,0.13,8.918,0.126,17.21,0.059
1996-09-01,12.294,0.053,17.974,0.116,6.711,0.17,16.444000000000003,0.056
1996-10-01,9.525,0.097,15.191,0.155,3.929,0.08900000000000001,15.515999999999998,0.061
1996-11-01,6.5470000000000015,0.078,11.952,0.112,1.178,0.083,14.607000000000001,0.059
1996-12-01,4.325,0.058,9.82,0.112,-1.089,0.06,14.052999999999999,0.058
1997-01-01,3.165,0.083,8.588,0.099,-2.1340000000000003,0.078,13.818,0.058
1997-02-01,3.766,0.093,9.456,0.067,-1.885,0.086,14.177999999999999,0.059
1997-03-01,6.0120000000000005,0.139,11.808,0.188,0.18999999999999995,0.095,14.873,0.068
1997-04-01,8.891,0.054000000000000006,14.817,0.114,2.967,0.115,15.634,0.055
1997-05-01,11.593,0.07200000000000001,17.378,0.109,5.8020000000000005,0.149,16.387999999999998,0.056
1997-06-01,14.130999999999998,0.066,19.913,0.096,8.334,0.135,17.158,0.056
1997-07-01,14.565,0.132,20.26,0.094,8.825,0.08900000000000001,17.307000000000002,0.065
1997-08-01,14.255999999999998,0.091,20.13,0.104,8.578999999999999,0.122,17.266000000000002,0.059
1997-09-01,12.685,0.105,18.555000000000003,0.313,6.973,0.162,16.766000000000002,0.061
1997-10-01,10.109,0.07,15.682,0.108,4.665,0.145,15.935,0.056
1997-11-01,6.841,0.096,12.195,0.092,1.5030000000000001,0.086,14.952,0.06
1997-12-01,4.417,0.062,9.634,0.064,-0.7370000000000001,0.076,14.290999999999999,0.057
1998-01-01,3.3520000000000003,0.076,8.555,0.093,-1.7760000000000002,0.086,14.063,0.063
1998-02-01,4.8260000000000005,0.106,10.475,0.11,-0.7680000000000002,0.077,14.610999999999999,0.066
1998-03-01,6.023,0.08199999999999999,11.888,0.073,0.30099999999999993,0.102,14.958,0.065
1998-04-01,9.358,0.05,15.255,0.08800000000000001,3.4389999999999996,0.194,15.884,0.062
1998-05-01,12.291,0.083,18.182,0.16399999999999998,6.372000000000001,0.105,16.671,0.062
1998-06-01,14.521,0.114,20.404,0.13,8.777999999999999,0.07200000000000001,17.289,0.066
1998-07-01,15.34,0.07400000000000001,20.971999999999998,0.062,9.715,0.17,17.609,0.062
1998-08-01,14.874,0.07400000000000001,20.505,0.128,9.344,0.217,17.491,0.062
1998-09-01,12.672999999999998,0.047,18.336,0.123,7.152,0.177,16.657,0.061
1998-10-01,9.941,0.055,15.505999999999998,0.117,4.45,0.116,15.767999999999999,0.064
1998-11-01,6.404,0.081,11.872,0.09,1.0390000000000001,0.08199999999999999,14.697,0.062
1998-12-01,4.6690000000000005,0.045,10.083,0.079,-0.6559999999999999,0.101,14.214,0.061
1999-01-01,3.5439999999999996,0.07,8.876999999999997,0.065,-1.7320000000000002,0.11,13.933,0.063
1999-02-01,4.694,0.08900000000000001,10.4,0.063,-0.957,0.099,14.367,0.065
1999-03-01,5.53,0.102,11.4,0.106,-0.27399999999999997,0.086,14.675999999999998,0.069
1999-04-01,8.838,0.064,14.807,0.085,2.931,0.175,15.572000000000001,0.064
1999-05-01,11.706,0.045,17.613,0.116,5.824000000000002,0.155,16.298,0.061
1999-06-01,14.031,0.07200000000000001,19.831,0.121,8.205,0.131,16.957,0.062
1999-07-01,14.853,0.101,20.578000000000003,0.087,9.24,0.12,17.218,0.064
1999-08-01,14.347999999999999,0.08900000000000001,20.158,0.076,8.696,0.125,17.1,0.063
1999-09-01,12.723,0.056,18.472,0.165,7.109,0.134,16.605,0.059
1999-10-01,9.997,0.095,15.583,0.107,4.4910000000000005,0.064,15.675,0.063
1999-11-01,6.5920000000000005,0.083,12.120999999999999,0.08,1.107,0.085,14.673,0.063
1999-12-01,4.565,0.085,9.953,0.09,-0.6920000000000001,0.078,14.13,0.064
2000-01-01,2.95,0.091,8.349,0.103,-2.322,0.07200000000000001,13.773,0.064
2000-02-01,4.184,0.093,9.863,0.096,-1.371,0.092,14.265999999999998,0.065
2000-03-01,6.218999999999999,0.12,12.204999999999998,0.133,0.3759999999999999,0.08199999999999999,14.845999999999998,0.069
2000-04-01,9.552,0.075,15.534,0.156,3.68,0.153,15.762,0.062
2000-05-01,11.874,0.064,17.721,0.127,5.997000000000001,0.2,16.395,0.061
2000-06-01,14.06,0.1,19.847,0.206,8.243,0.161,17.0,0.067
2000-07-01,14.847999999999999,0.12,20.665,0.107,9.098,0.098,17.242,0.066
2000-08-01,14.519,0.086,20.308,0.095,8.796,0.152,17.243000000000002,0.063
2000-09-01,12.547,0.058,18.373,0.115,6.822,0.142,16.613,0.061
2000-10-01,9.486,0.047,15.069,0.134,4.0,0.097,15.588,0.06
2000-11-01,6.312,0.084,11.67,0.092,0.996,0.064,14.632,0.062
2000-12-01,3.863,0.064,9.182,0.108,-1.3330000000000002,0.07200000000000001,13.968,0.062
2001-01-01,3.3360000000000003,0.077,8.827,0.08800000000000001,-2.0780000000000003,0.06,13.936,0.063
2001-02-01,3.72,0.109,9.486,0.059,-1.9969999999999999,0.091,14.179,0.067
2001-03-01,6.207999999999999,0.058,12.130999999999998,0.094,0.4109999999999999,0.117,14.982000000000001,0.062
2001-04-01,9.245,0.098,15.174000000000001,0.118,3.234,0.155,15.808,0.066
2001-05-01,12.271,0.105,18.185,0.13,6.3500000000000005,0.107,16.569000000000003,0.066
2001-06-01,14.11,0.085,19.962,0.133,8.218,0.134,17.151,0.063
2001-07-01,15.161,0.101,20.923,0.104,9.428,0.149,17.45,0.065
2001-08-01,14.427,0.115,20.332,0.103,8.664,0.17800000000000002,17.294,0.068
2001-09-01,12.736,0.087,18.581000000000003,0.114,7.07,0.17,16.758,0.065
2001-10-01,9.935,0.073,15.578,0.101,4.353,0.109,15.831,0.064
2001-11-01,7.319,0.086,12.89,0.093,1.92,0.08199999999999999,15.011,0.064
2001-12-01,4.507,0.055,9.841000000000001,0.108,-0.685,0.08900000000000001,14.241,0.062
2002-01-01,4.026,0.065,9.459,0.123,-1.3219999999999998,0.08900000000000001,14.258,0.062
2002-02-01,4.704,0.078,10.435,0.104,-0.9480000000000002,0.058,14.505,0.065
2002-03-01,6.772,0.034,12.775,0.083,0.8940000000000001,0.113,15.198,0.064
2002-04-01,9.229,0.049,15.145999999999999,0.099,3.3080000000000003,0.152,15.818,0.062
2002-05-01,12.248,0.081,18.157,0.17,6.199000000000002,0.197,16.605,0.062
2002-06-01,14.084000000000001,0.052000000000000005,19.912,0.14300000000000002,8.184000000000001,0.151,17.110000000000007,0.06
2002-07-01,15.354,0.077,21.199,0.075,9.408999999999999,0.096,17.487000000000002,0.062
2002-08-01,14.56,0.067,20.444000000000003,0.136,8.806999999999997,0.136,17.328,0.061
2002-09-01,12.95,0.103,18.785,0.129,7.16,0.083,16.799,0.065
2002-10-01,9.988,0.079,15.599,0.166,4.484,0.15,15.859000000000002,0.062
2002-11-01,6.892,0.12,12.48,0.142,1.389,0.136,14.856,0.067
2002-12-01,4.038,0.064,9.357000000000001,0.119,-1.189,0.045,14.127,0.063
2003-01-01,3.9810000000000003,0.07,9.558,0.119,-1.4809999999999999,0.091,14.207,0.064
2003-02-01,4.085,0.097,9.749,0.08800000000000001,-1.4800000000000002,0.111,14.359000000000002,0.065
2003-03-01,6.047999999999999,0.055,11.972000000000001,0.077,0.215,0.127,14.973,0.062
2003-04-01,9.154,0.07400000000000001,15.033,0.105,3.2089999999999996,0.122,15.774000000000001,0.063
2003-05-01,12.153,0.095,18.118,0.136,6.207999999999999,0.162,16.567,0.063
2003-06-01,14.017000000000001,0.135,19.77,0.12,8.222000000000001,0.146,17.104000000000006,0.068
2003-07-01,14.982999999999999,0.184,20.756999999999998,0.117,9.223,0.154,17.423000000000002,0.078
2003-08-01,14.691,0.08900000000000001,20.48,0.084,8.974,0.119,17.402,0.063
2003-09-01,12.911,0.067,18.692,0.181,7.221,0.18,16.839000000000002,0.06
2003-10-01,10.424000000000001,0.085,16.115,0.116,4.74,0.094,15.997,0.063
2003-11-01,6.727,0.075,12.203,0.134,1.347,0.117,14.838,0.061
2003-12-01,5.132999999999999,0.062,10.545,0.08800000000000001,-0.17900000000000005,0.091,14.436,0.062
2004-01-01,3.5250000000000004,0.062,8.901,0.109,-1.65,0.097,14.097000000000001,0.059
2004-02-01,4.4990000000000006,0.104,10.171,0.085,-1.1820000000000002,0.075,14.488,0.065
2004-03-01,6.321000000000001,0.069,12.275,0.08199999999999999,0.3759999999999999,0.093,14.992,0.061
2004-04-01,9.249,0.057,15.132,0.111,3.285,0.133,15.811,0.061
2004-05-01,11.571,0.07,17.296000000000006,0.075,5.707000000000002,0.14400000000000002,16.383,0.058
2004-06-01,13.889000000000001,0.097,19.66,0.128,8.035,0.155,17.006,0.063
2004-07-01,14.312000000000001,0.115,20.087,0.115,8.624,0.133,17.227,0.065
2004-08-01,14.187999999999999,0.104,20.011,0.09,8.382,0.083,17.266000000000002,0.063
2004-09-01,12.642000000000001,0.084,18.451,0.122,6.907,0.108,16.745,0.059
2004-10-01,10.127,0.091,15.843,0.117,4.511,0.092,15.889,0.061
2004-11-01,7.315,0.092,12.796,0.126,1.91,0.08199999999999999,15.022,0.06
2004-12-01,4.257,0.056,9.593,0.149,-0.9320000000000002,0.076,14.161,0.06
2005-01-01,3.8080000000000003,0.064,9.026,0.135,-1.3769999999999998,0.066,14.159,0.059
2005-02-01,3.92,0.115,9.508,0.093,-1.5340000000000005,0.051,14.293,0.067
2005-03-01,6.5440000000000005,0.06,12.316,0.098,0.8130000000000002,0.07400000000000001,15.106,0.064
2005-04-01,9.618,0.052000000000000005,15.550999999999998,0.133,3.697,0.16399999999999998,15.978,0.061
2005-05-01,12.226,0.09,17.995,0.132,6.392,0.166,16.629,0.061
2005-06-01,14.476,0.083,20.104,0.142,8.863,0.14,17.248,0.062
2005-07-01,15.19,0.094,20.88,0.091,9.569,0.156,17.503,0.063
2005-08-01,14.51,0.078,20.25,0.091,8.934,0.153,17.375,0.059
2005-09-01,13.217,0.08,19.110000000000007,0.109,7.412000000000001,0.14800000000000002,16.903,0.059
2005-10-01,10.601,0.064,16.235,0.101,5.004,0.08900000000000001,16.025000000000002,0.059
2005-11-01,7.422999999999999,0.068,12.944,0.111,1.9880000000000002,0.073,15.005,0.058
2005-12-01,4.878,0.054000000000000006,10.279000000000002,0.121,-0.395,0.065,14.327,0.058
2006-01-01,3.286,0.064,8.616999999999999,0.106,-1.942,0.113,13.99,0.059
2006-02-01,4.43,0.118,10.124,0.185,-1.2290000000000003,0.09,14.435,0.066
2006-03-01,6.3290000000000015,0.077,12.239,0.098,0.56,0.097,14.966,0.062
2006-04-01,9.055,0.08900000000000001,15.004000000000001,0.191,3.0810000000000004,0.166,15.729000000000001,0.061
2006-05-01,11.786,0.092,17.650000000000006,0.25,5.791,0.206,16.463,0.06
2006-06-01,14.443,0.093,20.317,0.156,8.530000000000001,0.131,17.215999999999998,0.06
2006-07-01,15.042,0.116,20.905,0.218,9.288,0.132,17.419,0.063
2006-08-01,14.913,0.107,20.79,0.122,9.146999999999998,0.182,17.479,0.061
2006-09-01,12.875,0.104,18.779000000000003,0.104,7.081,0.16699999999999998,16.792,0.062
2006-10-01,10.289000000000001,0.077,15.925,0.091,4.7959999999999985,0.129,15.935,0.06
2006-11-01,6.955,0.078,12.448,0.123,1.5179999999999998,0.163,14.931,0.058
2006-12-01,4.987,0.065,10.345999999999998,0.151,-0.2430000000000001,0.084,14.407,0.06
2007-01-01,4.5790000000000015,0.059,10.084,0.147,-0.8180000000000003,0.073,14.417,0.057
2007-02-01,4.221,0.077,10.039,0.077,-1.503,0.07400000000000001,14.408,0.059
2007-03-01,6.485,0.113,12.483,0.096,0.5169999999999999,0.142,15.017000000000001,0.065
2007-04-01,9.823,0.109,15.807,0.183,3.88,0.211,15.93,0.062
2007-05-01,12.518,0.07,18.395000000000003,0.165,6.5680000000000005,0.157,16.629,0.055
2007-06-01,14.309000000000001,0.07200000000000001,20.223,0.105,8.370000000000001,0.13,17.168000000000006,0.056
2007-07-01,15.23,0.115,21.108,0.116,9.482000000000001,0.166,17.485,0.061
2007-08-01,14.752,0.113,20.641,0.146,9.032,0.192,17.339000000000002,0.061
2007-09-01,12.93,0.102,18.838,0.152,7.18,0.162,16.737000000000002,0.059
2007-10-01,10.332,0.1,16.134,0.13,4.609,0.12,15.867,0.06
2007-11-01,7.0840000000000005,0.085,12.772,0.132,1.4780000000000002,0.105,14.821,0.057
2007-12-01,4.523,0.059,9.873,0.097,-0.6840000000000002,0.114,14.11,0.057
2008-01-01,2.8440000000000003,0.059,8.155,0.16,-2.383,0.109,13.719000000000001,0.057
2008-02-01,3.576,0.068,9.351,0.078,-2.1060000000000003,0.1,14.061,0.059
2008-03-01,6.906000000000001,0.099,12.992,0.106,0.879,0.112,15.077,0.063
2008-04-01,9.295,0.083,15.42,0.121,3.175,0.127,15.735,0.058
2008-05-01,12.053999999999998,0.071,17.989,0.084,6.053000000000001,0.155,16.497,0.055
2008-06-01,14.145,0.097,19.973,0.091,8.266,0.14400000000000002,17.077,0.058
2008-07-01,15.174000000000001,0.07200000000000001,21.006,0.138,9.407,0.16,17.449,0.054000000000000006
2008-08-01,14.377,0.113,20.176,0.073,8.594,0.141,17.282,0.06
2008-09-01,12.802,0.087,18.629,0.087,7.1160000000000005,0.154,16.757,0.057
2008-10-01,10.399000000000001,0.078,16.038,0.091,4.847,0.125,15.931,0.056
2008-11-01,7.224,0.064,12.738,0.107,1.7959999999999998,0.103,14.919,0.054000000000000006
2008-12-01,4.385,0.056,9.834,0.106,-0.946,0.128,14.151,0.056
2009-01-01,3.687,0.078,9.175999999999998,0.103,-1.7560000000000002,0.107,14.091,0.058
2009-02-01,4.093999999999999,0.083,9.822000000000001,0.06,-1.5450000000000002,0.077,14.267,0.06
2009-03-01,6.086,0.058,12.065,0.093,0.132,0.112,14.873,0.06
2009-04-01,9.367,0.084,15.377,0.098,3.32,0.194,15.819,0.059
2009-05-01,12.111999999999998,0.104,18.01,0.177,6.141,0.16699999999999998,16.570999999999998,0.06
2009-06-01,14.201,0.07400000000000001,20.056,0.172,8.3,0.122,17.26,0.057
2009-07-01,15.231,0.14800000000000002,21.085,0.1,9.456,0.13,17.578,0.067
2009-08-01,14.655,0.109,20.577,0.103,8.854999999999997,0.13699999999999998,17.427,0.06
2009-09-01,13.153,0.05,19.006,0.094,7.397,0.133,16.864,0.053
2009-10-01,10.136000000000001,0.075,15.79,0.087,4.563,0.104,15.91,0.056
2009-11-01,7.031000000000001,0.087,12.574000000000002,0.085,1.64,0.128,14.968,0.057
2009-12-01,4.31,0.081,9.661,0.121,-0.94,0.101,14.298,0.06
2010-01-01,3.737,0.079,9.245,0.087,-1.6770000000000005,0.08199999999999999,14.207999999999998,0.06
2010-02-01,4.399,0.08,10.034,0.083,-1.107,0.079,14.517,0.061
2010-03-01,6.7379999999999995,0.057,12.669,0.07400000000000001,0.7959999999999998,0.119,15.223,0.059
2010-04-01,9.671,0.087,15.616,0.153,3.759,0.159,16.038999999999998,0.06
2010-05-01,12.406,0.078,18.173,0.14300000000000002,6.524000000000001,0.132,16.732,0.057
2010-06-01,14.421,0.086,20.252,0.118,8.488999999999999,0.128,17.271,0.057
2010-07-01,15.213,0.09,20.97,0.08,9.551,0.141,17.532,0.057
2010-08-01,14.767999999999999,0.112,20.656,0.062,8.984,0.124,17.412,0.061
2010-09-01,12.863,0.065,18.602999999999998,0.092,7.252000000000001,0.117,16.761,0.054000000000000006
2010-10-01,10.442,0.07,16.115,0.083,4.905,0.12,15.939,0.057
2010-11-01,7.487,0.102,13.168,0.128,1.95,0.097,14.995,0.06
2010-12-01,4.292,0.095,9.887,0.138,-1.139,0.09,14.117,0.06
2011-01-01,3.282,0.08199999999999999,8.722000000000001,0.096,-2.0340000000000003,0.133,13.928,0.059
2011-02-01,3.7430000000000003,0.067,9.435,0.077,-1.906,0.104,14.193,0.059
2011-03-01,6.101,0.064,11.963,0.098,0.3140000000000001,0.14400000000000002,14.88,0.06
2011-04-01,9.483,0.046,15.45,0.152,3.5239999999999996,0.159,15.832,0.056
2011-05-01,11.986,0.056,17.917,0.105,6.0230000000000015,0.165,16.523,0.056
2011-06-01,14.37,0.08199999999999999,20.231,0.102,8.48,0.14300000000000002,17.203000000000007,0.058
2011-07-01,15.482000000000001,0.113,21.32,0.131,9.684,0.11,17.567999999999998,0.062
2011-08-01,15.012,0.091,20.922,0.114,9.207999999999998,0.13,17.475,0.059
2011-09-01,12.912,0.083,18.89,0.14,6.997999999999999,0.147,16.762,0.057
2011-10-01,10.352,0.087,16.075,0.08,4.85,0.115,15.873,0.059
2011-11-01,6.814,0.107,12.395,0.094,1.432,0.156,14.799000000000001,0.06
2011-12-01,4.6549999999999985,0.106,10.098,0.183,-0.6409999999999999,0.133,14.198,0.063
2012-01-01,3.157,0.085,8.690999999999999,0.135,-2.233,0.117,13.859000000000002,0.06
2012-02-01,3.628,0.102,9.379,0.084,-2.0669999999999997,0.145,14.164,0.063
2012-03-01,6.023,0.054000000000000006,12.025,0.08199999999999999,0.07499999999999996,0.16,14.863,0.061
2012-04-01,9.675999999999998,0.055,15.679,0.129,3.6889999999999996,0.14400000000000002,15.880999999999998,0.059
2012-05-01,12.59,0.109,18.611,0.108,6.461,0.162,16.698999999999998,0.064
2012-06-01,14.492,0.078,20.43,0.101,8.505,0.14,17.252000000000002,0.06
2012-07-01,15.075999999999999,0.076,21.006,0.079,9.229,0.113,17.45,0.06
2012-08-01,14.72,0.069,20.709,0.079,8.84,0.218,17.42,0.06
2012-09-01,13.04,0.069,19.074,0.093,7.176,0.188,16.882,0.06
2012-10-01,10.428,0.098,16.203,0.099,4.765,0.134,16.019000000000002,0.063
2012-11-01,7.1560000000000015,0.116,12.689,0.15,1.7959999999999998,0.127,15.001,0.064
2012-12-01,4.102,0.09,9.498,0.149,-1.162,0.096,14.138,0.064
2013-01-01,3.685,0.097,9.255,0.154,-1.7260000000000002,0.08800000000000001,14.117,0.064
2013-02-01,4.222,0.093,9.95,0.057,-1.4720000000000002,0.14800000000000002,14.359000000000002,0.065
2013-03-01,6.261,0.09,12.328,0.08900000000000001,0.17400000000000004,0.142,14.952,0.066
2013-04-01,9.044,0.098,15.084000000000001,0.15,3.055,0.177,15.749,0.065
2013-05-01,12.195,0.104,18.107000000000006,0.139,6.263,0.196,16.608999999999998,0.065
2013-06-01,14.568,0.09,20.44,0.158,8.685,0.165,17.257,0.062
2013-07-01,15.003,0.126,20.737,0.1,9.33,0.153,17.503,0.068
2013-08-01,14.742,0.129,20.596,0.12,9.014,0.179,17.462,0.068
2013-09-01,13.154000000000002,0.104,18.947000000000006,0.077,7.482,0.194,16.894000000000002,0.064
2013-10-01,10.255999999999998,0.077,15.994000000000002,0.1,4.663,0.135,15.905,0.062
2013-11-01,7.4239999999999995,0.079,12.965,0.113,2.016,0.116,15.107000000000001,0.062
2013-12-01,4.724,0.085,10.083,0.129,-0.5479999999999999,0.105,14.339,0.065
2014-01-01,3.7319999999999998,0.075,9.327,0.138,-1.7550000000000003,0.091,14.136,0.064
2014-02-01,3.5,0.068,9.146,0.073,-2.08,0.095,14.157,0.065
2014-03-01,6.377999999999999,0.098,12.367,0.108,0.436,0.139,15.09,0.068
2014-04-01,9.589,0.111,15.529000000000002,0.09,3.617,0.193,16.038,0.069
2014-05-01,12.582,0.068,18.362,0.158,6.6129999999999995,0.166,16.804000000000002,0.059
2014-06-01,14.335,0.096,20.126,0.095,8.472999999999999,0.157,17.303,0.064
2014-07-01,14.873,0.078,20.711,0.091,9.112,0.135,17.508,0.061
2014-08-01,14.875,0.115,20.79,0.098,9.047,0.173,17.607,0.064
2014-09-01,13.091,0.086,18.865,0.106,7.399,0.155,16.975,0.059
2014-10-01,10.33,0.076,16.066,0.111,4.689,0.126,16.029,0.059
2014-11-01,6.712999999999999,0.121,12.284,0.124,1.3130000000000002,0.115,14.899,0.064
2014-12-01,4.85,0.09,10.19,0.14800000000000002,-0.331,0.123,14.41,0.062
2015-01-01,3.881,0.13,9.432,0.09,-1.5180000000000002,0.097,14.255,0.066
2015-02-01,4.664,0.121,10.497,0.092,-1.1380000000000003,0.113,14.564,0.067
2015-03-01,6.74,0.06,12.659,0.096,0.8940000000000001,0.079,15.193,0.061
2015-04-01,9.313,0.08800000000000001,15.224,0.13699999999999998,3.4019999999999997,0.147,15.962,0.061
2015-05-01,12.312000000000001,0.081,18.180999999999997,0.117,6.3130000000000015,0.153,16.774,0.058
2015-06-01,14.505,0.068,20.364,0.133,8.627,0.168,17.39,0.057
2015-07-01,15.050999999999998,0.086,20.904,0.109,9.326,0.225,17.611,0.058
2015-08-01,14.755,0.07200000000000001,20.699,0.11,9.004999999999997,0.17,17.589000000000002,0.057
2015-09-01,12.999,0.079,18.845,0.08800000000000001,7.199,0.229,17.049,0.058
2015-10-01,10.800999999999998,0.102,16.45,0.059,5.231999999999998,0.115,16.29,0.062
2015-11-01,7.433,0.119,12.892000000000001,0.093,2.157,0.106,15.252,0.063
2015-12-01,5.518,0.1,10.725,0.154,0.2869999999999997,0.099,14.774,0.062
